,Team,Year,Medals
0,Afghanistan,1996,0
1,Afghanistan,2004,0
2,Afghanistan,2008,1
3,Afghanistan,2012,1
4,Afghanistan,2016,0
5,Albania,1992,0
6,Albania,1996,0
7,Albania,2000,0
8,Albania,2004,0
9,Albania,2006,0
10,Albania,2008,0
11,Albania,2010,0
12,Albania,2012,0
13,Albania,2014,0
14,Albania,2016,0
15,Algeria,1992,2
16,Algeria,1996,3
17,Algeria,2000,5
18,Algeria,2004,0
19,Algeria,2006,0
20,Algeria,2008,2
21,Algeria,2010,0
22,Algeria,2012,1
23,Algeria,2016,2
32,Andorra,1992,0
33,Andorra,1994,0
34,Andorra,1996,0
35,Andorra,1998,0
36,Andorra,2000,0
37,Andorra,2002,0
38,Andorra,2004,0
39,Andorra,2006,0
40,Andorra,2008,0
41,Andorra,2010,0
42,Andorra,2012,0
43,Andorra,2014,0
44,Andorra,2016,0
45,Angola,1992,0
46,Angola,1996,0
47,Angola,2000,0
48,Angola,2004,0
49,Angola,2008,0
50,Angola,2012,0
51,Angola,2016,0
52,Antigua and Barbuda,1992,0
53,Antigua and Barbuda,1996,0
54,Antigua and Barbuda,2000,0
55,Antigua and Barbuda,2004,0
56,Antigua and Barbuda,2008,0
57,Antigua and Barbuda,2012,0
58,Antigua and Barbuda,2016,0
59,Argentina,1992,2
60,Argentina,1994,0
61,Argentina,1996,20
62,Argentina,1998,0
63,Argentina,2000,20
64,Argentina,2002,0
65,Argentina,2004,49
66,Argentina,2006,0
67,Argentina,2008,51
68,Argentina,2010,0
69,Argentina,2012,19
70,Argentina,2014,0
71,Argentina,2016,22
72,Armenia,1994,0
73,Armenia,1996,2
74,Armenia,1998,0
75,Armenia,2000,1
76,Armenia,2002,0
77,Armenia,2004,0
78,Armenia,2006,0
79,Armenia,2008,6
80,Armenia,2010,0
81,Armenia,2012,3
82,Armenia,2014,0
83,Armenia,2016,4
91,Australia,1992,57
92,Australia,1994,4
93,Australia,1996,132
94,Australia,1998,1
95,Australia,2000,183
96,Australia,2002,2
97,Australia,2004,157
98,Australia,2006,2
99,Australia,2008,149
100,Australia,2010,3
101,Australia,2012,114
102,Australia,2014,3
103,Australia,2016,82
104,Austria,1992,35
105,Austria,1994,12
106,Austria,1996,3
107,Austria,1998,20
108,Austria,2000,4
109,Austria,2002,20
110,Austria,2004,8
111,Austria,2006,30
112,Austria,2008,3
113,Austria,2010,26
114,Austria,2012,0
115,Austria,2014,27
116,Austria,2016,2
117,Azerbaijan,1996,1
118,Azerbaijan,1998,0
119,Azerbaijan,2000,3
120,Azerbaijan,2002,0
121,Azerbaijan,2004,5
122,Azerbaijan,2006,0
123,Azerbaijan,2008,7
124,Azerbaijan,2010,0
125,Azerbaijan,2012,10
126,Azerbaijan,2014,0
127,Azerbaijan,2016,2
128,Bahamas,1992,1
129,Bahamas,1996,5
130,Bahamas,2000,11
131,Bahamas,2004,2
132,Bahamas,2008,7
133,Bahamas,2012,4
134,Bahamas,2016,6
135,Bahrain,1992,0
136,Bahrain,1996,0
137,Bahrain,2000,0
138,Bahrain,2004,0
139,Bahrain,2008,0
140,Bahrain,2012,1
141,Bahrain,2016,2
142,Bangladesh,1992,0
143,Bangladesh,1996,0
144,Bangladesh,2000,0
145,Bangladesh,2004,0
146,Bangladesh,2008,0
147,Bangladesh,2012,0
148,Bangladesh,2016,0
149,Barbados,1992,0
150,Barbados,1996,0
151,Barbados,2000,1
152,Barbados,2004,0
153,Barbados,2008,0
154,Barbados,2012,0
155,Barbados,2016,0
156,Belarus,1994,2
157,Belarus,1996,23
158,Belarus,1998,2
159,Belarus,2000,22
160,Belarus,2002,1
161,Belarus,2004,15
162,Belarus,2006,1
163,Belarus,2008,29
164,Belarus,2010,3
165,Belarus,2012,23
166,Belarus,2014,6
167,Belarus,2016,12
168,Belgium,1992,3
169,Belgium,1994,0
170,Belgium,1996,6
171,Belgium,1998,1
172,Belgium,2000,7
173,Belgium,2002,0
174,Belgium,2004,3
175,Belgium,2006,0
176,Belgium,2008,5
177,Belgium,2010,0
178,Belgium,2012,3
179,Belgium,2014,0
180,Belgium,2016,21
181,Belize,1992,0
182,Belize,1996,0
183,Belize,2000,0
184,Belize,2004,0
185,Belize,2008,0
186,Belize,2012,0
187,Belize,2016,0
188,Benin,1992,0
189,Benin,1996,0
190,Benin,2000,0
191,Benin,2004,0
192,Benin,2008,0
193,Benin,2012,0
194,Benin,2016,0
208,Bhutan,1992,0
209,Bhutan,1996,0
210,Bhutan,2000,0
211,Bhutan,2004,0
212,Bhutan,2008,0
213,Bhutan,2012,0
214,Bhutan,2016,0
215,Bolivia,1992,0
216,Bolivia,1996,0
217,Bolivia,2000,0
218,Bolivia,2004,0
219,Bolivia,2008,0
220,Bolivia,2012,0
221,Bolivia,2016,0
222,Bosnia and Herzegovina,1992,0
223,Bosnia and Herzegovina,1994,0
224,Bosnia and Herzegovina,1996,0
225,Bosnia and Herzegovina,1998,0
226,Bosnia and Herzegovina,2000,0
227,Bosnia and Herzegovina,2002,0
228,Bosnia and Herzegovina,2004,0
229,Bosnia and Herzegovina,2006,0
230,Bosnia and Herzegovina,2008,0
231,Bosnia and Herzegovina,2010,0
232,Bosnia and Herzegovina,2012,0
233,Bosnia and Herzegovina,2014,0
234,Bosnia and Herzegovina,2016,0
235,Botswana,1992,0
236,Botswana,1996,0
237,Botswana,2000,0
238,Botswana,2004,0
239,Botswana,2008,0
240,Botswana,2012,1
241,Botswana,2016,0
242,Brazil,1992,14
243,Brazil,1994,0
244,Brazil,1996,63
245,Brazil,1998,0
246,Brazil,2000,48
247,Brazil,2002,0
248,Brazil,2004,40
249,Brazil,2006,0
250,Brazil,2008,78
251,Brazil,2010,0
252,Brazil,2012,59
253,Brazil,2014,0
254,Brazil,2016,50
263,Brunei,1996,0
264,Brunei,2000,0
265,Brunei,2004,0
266,Brunei,2012,0
267,Brunei,2016,0
268,Bulgaria,1992,17
269,Bulgaria,1994,0
270,Bulgaria,1996,21
271,Bulgaria,1998,1
272,Bulgaria,2000,13
273,Bulgaria,2002,3
274,Bulgaria,2004,17
275,Bulgaria,2006,1
276,Bulgaria,2008,5
277,Bulgaria,2010,0
278,Bulgaria,2012,2
279,Bulgaria,2014,0
280,Bulgaria,2016,7
281,Burkina Faso,1996,0
282,Burkina Faso,2000,0
283,Burkina Faso,2004,0
284,Burkina Faso,2008,0
285,Burkina Faso,2012,0
286,Burkina Faso,2016,0
287,Burundi,1996,1
288,Burundi,2000,0
289,Burundi,2004,0
290,Burundi,2008,0
291,Burundi,2012,0
292,Burundi,2016,1
299,Cameroon,1992,0
300,Cameroon,1996,0
301,Cameroon,2000,18
302,Cameroon,2002,0
303,Cameroon,2004,1
304,Cameroon,2008,1
305,Cameroon,2012,0
306,Cameroon,2016,0
307,Canada,1992,80
308,Canada,1994,37
309,Canada,1996,50
310,Canada,1998,49
311,Canada,2000,31
312,Canada,2002,74
313,Canada,2004,17
314,Canada,2006,69
315,Canada,2008,35
316,Canada,2010,90
317,Canada,2012,55
318,Canada,2014,86
319,Canada,2016,69
320,Cape Verde,1996,0
321,Cape Verde,2000,0
322,Cape Verde,2004,0
323,Cape Verde,2008,0
324,Cape Verde,2012,0
325,Cape Verde,2016,0
349,Chile,1992,0
350,Chile,1994,0
351,Chile,1996,0
352,Chile,1998,0
353,Chile,2000,17
354,Chile,2002,0
355,Chile,2004,4
356,Chile,2006,0
357,Chile,2008,1
358,Chile,2010,0
359,Chile,2012,0
360,Chile,2014,0
361,Chile,2016,0
362,China,1992,85
363,China,1994,3
364,China,1996,106
365,China,1998,14
366,China,2000,79
367,China,2002,16
368,China,2004,94
369,China,2006,13
370,China,2008,184
371,China,2010,19
372,China,2012,125
373,China,2014,12
374,China,2016,113
375,Colombia,1992,1
376,Colombia,1996,0
377,Colombia,2000,1
378,Colombia,2004,2
379,Colombia,2008,2
380,Colombia,2010,0
381,Colombia,2012,8
382,Colombia,2016,8
383,Comoros,1996,0
384,Comoros,2000,0
385,Comoros,2004,0
386,Comoros,2008,0
387,Comoros,2012,0
388,Comoros,2016,0
389,Congo (Brazzaville),1992,0
390,Congo (Brazzaville),1996,0
391,Congo (Brazzaville),2000,0
392,Congo (Brazzaville),2004,0
393,Congo (Brazzaville),2008,0
394,Congo (Brazzaville),2012,0
395,Congo (Brazzaville),2016,0
396,Congo (Kinshasa),1992,0
397,Congo (Kinshasa),1996,0
398,Congo (Kinshasa),2000,0
399,Congo (Kinshasa),2004,0
400,Congo (Kinshasa),2008,0
401,Congo (Kinshasa),2012,0
402,Congo (Kinshasa),2016,0
410,Costa Rica,1992,0
411,Costa Rica,1996,1
412,Costa Rica,2000,2
413,Costa Rica,2002,0
414,Costa Rica,2004,0
415,Costa Rica,2006,0
416,Costa Rica,2008,0
417,Costa Rica,2012,0
418,Costa Rica,2016,0
419,Cote d'Ivoire,1992,0
420,Cote d'Ivoire,1996,0
421,Cote d'Ivoire,2000,0
422,Cote d'Ivoire,2004,0
423,Cote d'Ivoire,2008,0
424,Cote d'Ivoire,2012,0
425,Cote d'Ivoire,2016,2
426,Croatia,1992,15
427,Croatia,1994,0
428,Croatia,1996,28
429,Croatia,1998,0
430,Croatia,2000,10
431,Croatia,2002,4
432,Croatia,2004,21
433,Croatia,2006,3
434,Croatia,2008,5
435,Croatia,2010,3
436,Croatia,2012,35
437,Croatia,2014,1
438,Croatia,2016,24
439,Cuba,1992,69
440,Cuba,1996,55
441,Cuba,2000,65
442,Cuba,2004,62
443,Cuba,2008,47
444,Cuba,2012,14
445,Cuba,2016,11
446,Cyprus,1992,0
447,Cyprus,1994,0
448,Cyprus,1996,0
449,Cyprus,1998,0
450,Cyprus,2000,0
451,Cyprus,2002,0
452,Cyprus,2004,0
453,Cyprus,2006,0
454,Cyprus,2008,0
455,Cyprus,2010,0
456,Cyprus,2012,1
457,Cyprus,2014,0
458,Cyprus,2016,0
459,Czech Republic,1994,0
460,Czech Republic,1996,13
461,Czech Republic,1998,23
462,Czech Republic,2000,9
463,Czech Republic,2002,3
464,Czech Republic,2004,13
465,Czech Republic,2006,27
466,Czech Republic,2008,7
467,Czech Republic,2010,9
468,Czech Republic,2012,14
469,Czech Republic,2014,11
470,Czech Republic,2016,15
471,Denmark,1992,14
472,Denmark,1994,0
473,Denmark,1996,23
474,Denmark,1998,5
475,Denmark,2000,25
476,Denmark,2002,0
477,Denmark,2004,29
478,Denmark,2006,0
479,Denmark,2008,19
480,Denmark,2010,0
481,Denmark,2012,16
482,Denmark,2014,0
483,Denmark,2016,41
484,Djibouti,1992,0
485,Djibouti,1996,0
486,Djibouti,2000,0
487,Djibouti,2008,0
488,Djibouti,2012,0
489,Djibouti,2016,0
490,Dominica,1996,0
491,Dominica,2000,0
492,Dominica,2004,0
493,Dominica,2008,0
494,Dominica,2012,0
495,Dominica,2014,0
496,Dominica,2016,0
497,Dominican Republic,1992,0
498,Dominican Republic,1996,0
499,Dominican Republic,2000,0
500,Dominican Republic,2004,1
501,Dominican Republic,2008,2
502,Dominican Republic,2012,2
503,Dominican Republic,2016,1
504,Ecuador,1992,0
505,Ecuador,1996,1
506,Ecuador,2000,0
507,Ecuador,2004,0
508,Ecuador,2008,1
509,Ecuador,2012,0
510,Ecuador,2016,0
511,Egypt,1992,0
512,Egypt,1996,0
513,Egypt,2000,0
514,Egypt,2004,5
515,Egypt,2008,1
516,Egypt,2012,2
517,Egypt,2016,3
518,El Salvador,1992,0
519,El Salvador,1996,0
520,El Salvador,2000,0
521,El Salvador,2004,0
522,El Salvador,2008,0
523,El Salvador,2012,0
524,El Salvador,2016,0
525,Equatorial Guinea,1992,0
526,Equatorial Guinea,1996,0
527,Equatorial Guinea,2000,0
528,Equatorial Guinea,2004,0
529,Equatorial Guinea,2008,0
530,Equatorial Guinea,2012,0
531,Equatorial Guinea,2016,0
532,Eritrea,2000,0
533,Eritrea,2004,1
534,Eritrea,2008,0
535,Eritrea,2012,0
536,Eritrea,2016,0
537,Estonia,1992,3
538,Estonia,1994,0
539,Estonia,1996,0
540,Estonia,1998,0
541,Estonia,2000,3
542,Estonia,2002,3
543,Estonia,2004,3
544,Estonia,2006,3
545,Estonia,2008,3
546,Estonia,2010,1
547,Estonia,2012,2
548,Estonia,2014,0
549,Estonia,2016,4
550,Ethiopia,1992,3
551,Ethiopia,1996,3
552,Ethiopia,2000,8
553,Ethiopia,2004,7
554,Ethiopia,2006,0
555,Ethiopia,2008,7
556,Ethiopia,2010,0
557,Ethiopia,2012,7
558,Ethiopia,2016,8
564,Fiji,1992,0
565,Fiji,1994,0
566,Fiji,1996,0
567,Fiji,2000,0
568,Fiji,2002,0
569,Fiji,2004,0
570,Fiji,2008,0
571,Fiji,2012,0
572,Fiji,2016,13
573,Finland,1992,20
574,Finland,1994,30
575,Finland,1996,4
576,Finland,1998,58
577,Finland,2000,5
578,Finland,2002,13
579,Finland,2004,2
580,Finland,2006,41
581,Finland,2008,5
582,Finland,2010,47
583,Finland,2012,5
584,Finland,2014,33
585,Finland,2016,1
586,France,1992,69
587,France,1994,11
588,France,1996,51
589,France,1998,15
590,France,2000,66
591,France,2002,15
592,France,2004,53
593,France,2006,15
594,France,2008,77
595,France,2010,14
596,France,2012,82
597,France,2014,18
598,France,2016,96
599,Gabon,1992,0
600,Gabon,1996,0
601,Gabon,2000,0
602,Gabon,2004,0
603,Gabon,2008,0
604,Gabon,2012,1
605,Gabon,2016,0
606,Gambia,1992,0
607,Gambia,1996,0
608,Gambia,2000,0
609,Gambia,2004,0
610,Gambia,2008,0
611,Gambia,2012,0
612,Gambia,2016,0
613,Georgia,1994,0
614,Georgia,1996,2
615,Georgia,1998,0
616,Georgia,2000,6
617,Georgia,2002,0
618,Georgia,2004,4
619,Georgia,2006,0
620,Georgia,2008,6
621,Georgia,2010,0
622,Georgia,2012,7
623,Georgia,2014,0
624,Georgia,2016,7
625,Germany,1992,236
626,Germany,1994,40
627,Germany,1996,124
628,Germany,1998,44
629,Germany,2000,118
630,Germany,2002,61
631,Germany,2004,149
632,Germany,2006,54
633,Germany,2008,99
634,Germany,2010,54
635,Germany,2012,94
636,Germany,2014,36
637,Germany,2016,159
638,Ghana,1992,20
639,Ghana,1996,0
640,Ghana,2000,0
641,Ghana,2004,0
642,Ghana,2008,0
643,Ghana,2010,0
644,Ghana,2012,0
645,Ghana,2016,0
646,Great Britain,1992,50
647,Great Britain,1994,3
648,Great Britain,1996,26
649,Great Britain,1998,4
650,Great Britain,2000,54
651,Great Britain,2002,6
652,Great Britain,2004,57
653,Great Britain,2006,1
654,Great Britain,2008,81
655,Great Britain,2010,1
656,Great Britain,2012,126
657,Great Britain,2014,10
658,Great Britain,2016,145
659,Greece,1992,2
660,Greece,1994,0
661,Greece,1996,8
662,Greece,1998,0
663,Greece,2000,18
664,Greece,2002,0
665,Greece,2004,31
666,Greece,2006,0
667,Greece,2008,7
668,Greece,2010,0
669,Greece,2012,3
670,Greece,2014,0
671,Greece,2016,7
672,Grenada,1992,0
673,Grenada,1996,0
674,Grenada,2000,0
675,Grenada,2004,0
676,Grenada,2008,0
677,Grenada,2012,1
678,Grenada,2016,1
686,Guatemala,1992,0
687,Guatemala,1996,0
688,Guatemala,2000,0
689,Guatemala,2004,0
690,Guatemala,2008,0
691,Guatemala,2012,1
692,Guatemala,2016,0
693,Guinea,1992,0
694,Guinea,1996,0
695,Guinea,2000,0
696,Guinea,2004,0
697,Guinea,2008,0
698,Guinea,2012,0
699,Guinea,2016,0
700,Guinea Bissau,1996,0
701,Guinea Bissau,2000,0
702,Guinea Bissau,2004,0
703,Guinea Bissau,2008,0
704,Guinea Bissau,2012,0
705,Guinea Bissau,2016,0
706,Guyana,1992,0
707,Guyana,1996,0
708,Guyana,2000,0
709,Guyana,2004,0
710,Guyana,2008,0
711,Guyana,2012,0
712,Guyana,2016,0
713,Haiti,1992,0
714,Haiti,1996,0
715,Haiti,2000,0
716,Haiti,2004,0
717,Haiti,2008,0
718,Haiti,2012,0
719,Haiti,2016,0
720,Honduras,1992,0
721,Honduras,1996,0
722,Honduras,2000,0
723,Honduras,2004,0
724,Honduras,2008,0
725,Honduras,2012,0
726,Honduras,2016,0
727,Hong Kong,1992,0
728,Hong Kong,1996,1
729,Hong Kong,2000,0
730,Hong Kong,2002,0
731,Hong Kong,2004,2
732,Hong Kong,2006,0
733,Hong Kong,2008,0
734,Hong Kong,2010,0
735,Hong Kong,2012,1
736,Hong Kong,2014,0
737,Hong Kong,2016,0
738,Hungary,1992,45
739,Hungary,1994,0
740,Hungary,1996,43
741,Hungary,1998,0
742,Hungary,2000,53
743,Hungary,2002,0
744,Hungary,2004,40
745,Hungary,2006,0
746,Hungary,2008,27
747,Hungary,2010,0
748,Hungary,2012,26
749,Hungary,2014,0
750,Hungary,2016,22
751,Iceland,1992,0
752,Iceland,1994,0
753,Iceland,1996,0
754,Iceland,1998,0
755,Iceland,2000,1
756,Iceland,2002,0
757,Iceland,2004,0
758,Iceland,2006,0
759,Iceland,2008,14
760,Iceland,2010,0
761,Iceland,2012,0
762,Iceland,2014,0
763,Iceland,2016,0
764,India,1992,0
765,India,1996,1
766,India,1998,0
767,India,2000,1
768,India,2002,0
769,India,2004,1
770,India,2006,0
771,India,2008,1
772,India,2010,0
773,India,2012,6
774,India,2014,0
775,India,2016,2
776,Indonesia,1992,6
777,Indonesia,1996,6
778,Indonesia,2000,8
779,Indonesia,2004,5
780,Indonesia,2008,7
781,Indonesia,2012,2
782,Indonesia,2016,4
783,Iran,1992,3
784,Iran,1996,3
785,Iran,1998,0
786,Iran,2000,4
787,Iran,2002,0
788,Iran,2004,6
789,Iran,2006,0
790,Iran,2008,2
791,Iran,2010,0
792,Iran,2012,12
793,Iran,2014,0
794,Iran,2016,8
795,Iraq,1992,0
796,Iraq,1996,0
797,Iraq,2000,0
798,Iraq,2004,0
799,Iraq,2008,0
800,Iraq,2012,0
801,Iraq,2016,0
802,Ireland,1992,2
803,Ireland,1996,4
804,Ireland,1998,0
805,Ireland,2000,1
806,Ireland,2002,0
807,Ireland,2004,0
808,Ireland,2006,0
809,Ireland,2008,3
810,Ireland,2010,0
811,Ireland,2012,5
812,Ireland,2014,0
813,Ireland,2016,3
814,Israel,1992,2
815,Israel,1994,0
816,Israel,1996,1
817,Israel,1998,0
818,Israel,2000,1
819,Israel,2002,0
820,Israel,2004,2
821,Israel,2006,0
822,Israel,2008,1
823,Israel,2010,0
824,Israel,2012,0
825,Israel,2014,0
826,Israel,2016,2
827,Italy,1992,66
828,Italy,1994,32
829,Italy,1996,71
830,Italy,1998,17
831,Italy,2000,65
832,Italy,2002,21
833,Italy,2004,104
834,Italy,2006,25
835,Italy,2008,42
836,Italy,2010,5
837,Italy,2012,68
838,Italy,2014,14
839,Italy,2016,72
840,Jamaica,1992,4
841,Jamaica,1994,0
842,Jamaica,1996,16
843,Jamaica,1998,0
844,Jamaica,2000,23
845,Jamaica,2002,0
846,Jamaica,2004,13
847,Jamaica,2008,14
848,Jamaica,2010,0
849,Jamaica,2012,25
850,Jamaica,2014,0
851,Jamaica,2016,30
852,Japan,1992,59
853,Japan,1994,10
854,Japan,1996,42
855,Japan,1998,13
856,Japan,2000,44
857,Japan,2002,2
858,Japan,2004,93
859,Japan,2006,1
860,Japan,2008,51
861,Japan,2010,7
862,Japan,2012,84
863,Japan,2014,11
864,Japan,2016,64
865,Jordan,1992,0
866,Jordan,1996,0
867,Jordan,2000,0
868,Jordan,2004,0
869,Jordan,2008,0
870,Jordan,2012,0
871,Jordan,2016,1
872,Kazakhstan,1994,3
873,Kazakhstan,1996,11
874,Kazakhstan,1998,2
875,Kazakhstan,2000,7
876,Kazakhstan,2002,0
877,Kazakhstan,2004,8
878,Kazakhstan,2006,0
879,Kazakhstan,2008,13
880,Kazakhstan,2010,1
881,Kazakhstan,2012,13
882,Kazakhstan,2014,1
883,Kazakhstan,2016,18
884,Kenya,1992,8
885,Kenya,1996,8
886,Kenya,1998,0
887,Kenya,2000,7
888,Kenya,2002,0
889,Kenya,2004,7
890,Kenya,2006,0
891,Kenya,2008,15
892,Kenya,2012,11
893,Kenya,2016,13
894,Kiribati,2004,0
895,Kiribati,2008,0
896,Kiribati,2012,0
897,Kiribati,2016,0
899,Kuwait,1992,0
900,Kuwait,1996,0
901,Kuwait,2000,1
902,Kuwait,2004,0
903,Kuwait,2008,0
904,Kuwait,2012,1
905,Kyrgyzstan,1994,0
906,Kyrgyzstan,1996,0
907,Kyrgyzstan,1998,0
908,Kyrgyzstan,2000,1
909,Kyrgyzstan,2002,0
910,Kyrgyzstan,2004,0
911,Kyrgyzstan,2006,0
912,Kyrgyzstan,2008,2
913,Kyrgyzstan,2010,0
914,Kyrgyzstan,2012,0
915,Kyrgyzstan,2014,0
916,Kyrgyzstan,2016,0
917,Laos,1992,0
918,Laos,1996,0
919,Laos,2000,0
920,Laos,2004,0
921,Laos,2008,0
922,Laos,2012,0
923,Laos,2016,0
924,Latvia,1992,3
925,Latvia,1994,0
926,Latvia,1996,1
927,Latvia,1998,0
928,Latvia,2000,3
929,Latvia,2002,0
930,Latvia,2004,4
931,Latvia,2006,1
932,Latvia,2008,3
933,Latvia,2010,3
934,Latvia,2012,3
935,Latvia,2014,11
936,Latvia,2016,0
937,Lebanon,1992,0
938,Lebanon,1996,0
939,Lebanon,2000,0
940,Lebanon,2002,0
941,Lebanon,2004,0
942,Lebanon,2006,0
943,Lebanon,2008,0
944,Lebanon,2010,0
945,Lebanon,2012,0
946,Lebanon,2014,0
947,Lebanon,2016,0
948,Lesotho,1992,0
949,Lesotho,1996,0
950,Lesotho,2000,0
951,Lesotho,2004,0
952,Lesotho,2008,0
953,Lesotho,2012,0
954,Lesotho,2016,0
955,Liberia,1996,0
956,Liberia,2000,0
957,Liberia,2004,0
958,Liberia,2008,0
959,Liberia,2012,0
960,Liberia,2016,0
961,Libya,1992,0
962,Libya,1996,0
963,Libya,2000,0
964,Libya,2004,0
965,Libya,2008,0
966,Libya,2012,0
967,Libya,2016,0
968,Liechtenstein,1992,0
969,Liechtenstein,1994,0
970,Liechtenstein,1996,0
971,Liechtenstein,1998,0
972,Liechtenstein,2000,0
973,Liechtenstein,2002,0
974,Liechtenstein,2004,0
975,Liechtenstein,2006,0
976,Liechtenstein,2008,0
977,Liechtenstein,2010,0
978,Liechtenstein,2012,0
979,Liechtenstein,2014,0
980,Liechtenstein,2016,0
981,Lithuania,1992,13
982,Lithuania,1994,0
983,Lithuania,1996,11
984,Lithuania,1998,0
985,Lithuania,2000,17
986,Lithuania,2002,0
987,Lithuania,2004,3
988,Lithuania,2006,0
989,Lithuania,2008,5
990,Lithuania,2010,0
991,Lithuania,2012,5
992,Lithuania,2014,0
993,Lithuania,2016,7
994,Luxembourg,1992,2
995,Luxembourg,1994,0
996,Luxembourg,1996,0
997,Luxembourg,1998,0
998,Luxembourg,2000,0
999,Luxembourg,2004,0
1000,Luxembourg,2006,0
1001,Luxembourg,2008,0
1002,Luxembourg,2012,0
1003,Luxembourg,2014,0
1004,Luxembourg,2016,0
1005,Macedonia,1996,0
1006,Macedonia,1998,0
1007,Macedonia,2000,1
1008,Macedonia,2002,0
1009,Macedonia,2004,0
1010,Macedonia,2006,0
1011,Macedonia,2008,0
1012,Macedonia,2010,0
1013,Macedonia,2012,0
1014,Macedonia,2014,0
1015,Macedonia,2016,0
1016,Madagascar,1992,0
1017,Madagascar,1996,0
1018,Madagascar,2000,0
1019,Madagascar,2004,0
1020,Madagascar,2006,0
1021,Madagascar,2008,0
1022,Madagascar,2012,0
1023,Madagascar,2016,0
1024,Malawi,1992,0
1025,Malawi,1996,0
1026,Malawi,2000,0
1027,Malawi,2004,0
1028,Malawi,2008,0
1029,Malawi,2012,0
1030,Malawi,2016,0
1031,Malaysia,1992,2
1032,Malaysia,1996,3
1033,Malaysia,2000,0
1034,Malaysia,2004,0
1035,Malaysia,2008,1
1036,Malaysia,2012,2
1037,Malaysia,2016,8
1038,Maldives,1992,0
1039,Maldives,1996,0
1040,Maldives,2000,0
1041,Maldives,2004,0
1042,Maldives,2008,0
1043,Maldives,2012,0
1044,Maldives,2016,0
1045,Mali,1992,0
1046,Mali,1996,0
1047,Mali,2000,0
1048,Mali,2004,0
1049,Mali,2008,0
1050,Mali,2012,0
1051,Mali,2016,0
1052,Malta,1992,0
1053,Malta,1996,0
1054,Malta,2000,0
1055,Malta,2004,0
1056,Malta,2008,0
1057,Malta,2012,0
1058,Malta,2014,0
1059,Malta,2016,0
1063,Mauritania,1992,0
1064,Mauritania,1996,0
1065,Mauritania,2000,0
1066,Mauritania,2004,0
1067,Mauritania,2008,0
1068,Mauritania,2012,0
1069,Mauritania,2016,0
1070,Mauritius,1992,0
1071,Mauritius,1996,0
1072,Mauritius,2000,0
1073,Mauritius,2004,0
1074,Mauritius,2008,1
1075,Mauritius,2012,0
1076,Mauritius,2016,0
1077,Mexico,1992,1
1078,Mexico,1994,0
1079,Mexico,1996,1
1080,Mexico,2000,6
1081,Mexico,2002,0
1082,Mexico,2004,4
1083,Mexico,2008,4
1084,Mexico,2010,0
1085,Mexico,2012,24
1086,Mexico,2014,0
1087,Mexico,2016,5
559,Micronesia,2000,0
560,Micronesia,2004,0
561,Micronesia,2008,0
562,Micronesia,2012,0
563,Micronesia,2016,0
1088,Moldova,1994,0
1089,Moldova,1996,3
1090,Moldova,1998,0
1091,Moldova,2000,2
1092,Moldova,2002,0
1093,Moldova,2004,0
1094,Moldova,2006,0
1095,Moldova,2008,1
1096,Moldova,2010,0
1097,Moldova,2012,2
1098,Moldova,2014,0
1099,Moldova,2016,0
1113,Mongolia,1992,2
1114,Mongolia,1994,0
1115,Mongolia,1996,1
1116,Mongolia,1998,0
1117,Mongolia,2000,0
1118,Mongolia,2002,0
1119,Mongolia,2004,1
1120,Mongolia,2006,0
1121,Mongolia,2008,4
1122,Mongolia,2010,0
1123,Mongolia,2012,5
1124,Mongolia,2014,0
1125,Mongolia,2016,2
1126,Montenegro,2008,0
1127,Montenegro,2010,0
1128,Montenegro,2012,14
1129,Montenegro,2014,0
1130,Montenegro,2016,0
1131,Morocco,1992,3
1132,Morocco,1996,2
1133,Morocco,2000,5
1134,Morocco,2004,3
1135,Morocco,2008,2
1136,Morocco,2010,0
1137,Morocco,2012,1
1138,Morocco,2014,0
1139,Morocco,2016,1
1140,Mozambique,1992,0
1141,Mozambique,1996,1
1142,Mozambique,2000,1
1143,Mozambique,2004,0
1144,Mozambique,2008,0
1145,Mozambique,2012,0
1146,Mozambique,2016,0
1147,Myanmar,1992,0
1148,Myanmar,1996,0
1149,Myanmar,2000,0
1150,Myanmar,2004,0
1151,Myanmar,2008,0
1152,Myanmar,2012,0
1153,Myanmar,2016,0
1155,Namibia,1992,0
1156,Namibia,1996,0
1157,Namibia,2000,0
1158,Namibia,2004,0
1159,Namibia,2008,0
1160,Namibia,2012,0
1161,Namibia,2016,0
1168,Nepal,1992,0
1169,Nepal,1996,0
1170,Nepal,2000,0
1171,Nepal,2002,0
1172,Nepal,2004,0
1173,Nepal,2006,0
1174,Nepal,2008,0
1175,Nepal,2010,0
1176,Nepal,2012,0
1177,Nepal,2014,0
1178,Nepal,2016,0
1179,Netherlands,1992,37
1180,Netherlands,1994,4
1181,Netherlands,1996,73
1182,Netherlands,1998,11
1183,Netherlands,2000,79
1184,Netherlands,2002,8
1185,Netherlands,2004,77
1186,Netherlands,2006,13
1187,Netherlands,2008,60
1188,Netherlands,2010,11
1189,Netherlands,2012,69
1190,Netherlands,2014,29
1191,Netherlands,2016,47
1197,New Zealand,1992,16
1198,New Zealand,1994,0
1199,New Zealand,1996,9
1200,New Zealand,1998,0
1201,New Zealand,2000,4
1202,New Zealand,2002,0
1203,New Zealand,2004,6
1204,New Zealand,2006,0
1205,New Zealand,2008,15
1206,New Zealand,2010,0
1207,New Zealand,2012,27
1208,New Zealand,2014,0
1209,New Zealand,2016,36
1210,Nicaragua,1992,0
1211,Nicaragua,1996,0
1212,Nicaragua,2000,0
1213,Nicaragua,2004,0
1214,Nicaragua,2008,0
1215,Nicaragua,2012,0
1216,Nicaragua,2016,0
1217,Niger,1992,0
1218,Niger,1996,0
1219,Niger,2000,0
1220,Niger,2004,0
1221,Niger,2008,0
1222,Niger,2012,0
1223,Niger,2016,1
1224,Nigeria,1992,11
1225,Nigeria,1996,24
1226,Nigeria,2000,8
1227,Nigeria,2004,8
1228,Nigeria,2008,23
1229,Nigeria,2012,0
1230,Nigeria,2016,18
1241,Norway,1992,47
1242,Norway,1994,30
1243,Norway,1996,23
1244,Norway,1998,40
1245,Norway,2000,43
1246,Norway,2002,41
1247,Norway,2004,7
1248,Norway,2006,23
1249,Norway,2008,22
1250,Norway,2010,39
1251,Norway,2012,17
1252,Norway,2014,36
1253,Norway,2016,19
1254,Oman,1992,0
1255,Oman,1996,0
1256,Oman,2000,0
1257,Oman,2004,0
1258,Oman,2008,0
1259,Oman,2012,0
1260,Oman,2016,0
1261,Pakistan,1992,16
1262,Pakistan,1996,0
1263,Pakistan,2000,0
1264,Pakistan,2004,0
1265,Pakistan,2008,0
1266,Pakistan,2010,0
1267,Pakistan,2012,0
1268,Pakistan,2014,0
1269,Pakistan,2016,0
1270,Palau,2000,0
1271,Palau,2004,0
1272,Palau,2008,0
1273,Palau,2012,0
1274,Palau,2016,0
1281,Panama,1992,0
1282,Panama,1996,0
1283,Panama,2000,0
1284,Panama,2004,0
1285,Panama,2008,1
1286,Panama,2012,0
1287,Panama,2016,0
1288,Papua New Guinea,1992,0
1289,Papua New Guinea,1996,0
1290,Papua New Guinea,2000,0
1291,Papua New Guinea,2004,0
1292,Papua New Guinea,2008,0
1293,Papua New Guinea,2012,0
1294,Papua New Guinea,2016,0
1295,Paraguay,1992,0
1296,Paraguay,1996,0
1297,Paraguay,2000,0
1298,Paraguay,2004,17
1299,Paraguay,2008,0
1300,Paraguay,2012,0
1301,Paraguay,2014,0
1302,Paraguay,2016,0
1303,Peru,1992,1
1304,Peru,1996,0
1305,Peru,2000,0
1306,Peru,2004,0
1307,Peru,2008,0
1308,Peru,2010,0
1309,Peru,2012,0
1310,Peru,2014,0
1311,Peru,2016,0
1312,Philippines,1992,1
1313,Philippines,1996,1
1314,Philippines,2000,0
1315,Philippines,2004,0
1316,Philippines,2008,0
1317,Philippines,2012,0
1318,Philippines,2014,0
1319,Philippines,2016,1
1320,Poland,1992,46
1321,Poland,1994,0
1322,Poland,1996,22
1323,Poland,1998,0
1324,Poland,2000,24
1325,Poland,2002,2
1326,Poland,2004,12
1327,Poland,2006,2
1328,Poland,2008,20
1329,Poland,2010,8
1330,Poland,2012,12
1331,Poland,2014,11
1332,Poland,2016,16
1333,Portugal,1992,0
1334,Portugal,1994,0
1335,Portugal,1996,3
1336,Portugal,1998,0
1337,Portugal,2000,2
1338,Portugal,2004,3
1339,Portugal,2006,0
1340,Portugal,2008,2
1341,Portugal,2010,0
1342,Portugal,2012,2
1343,Portugal,2014,0
1344,Portugal,2016,1
1354,Qatar,1992,5
1355,Qatar,1996,0
1356,Qatar,2000,1
1357,Qatar,2004,0
1358,Qatar,2008,0
1359,Qatar,2012,2
1360,Qatar,2016,1
1361,Romania,1992,53
1362,Romania,1994,0
1363,Romania,1996,38
1364,Romania,1998,0
1365,Romania,2000,46
1366,Romania,2002,0
1367,Romania,2004,39
1368,Romania,2006,0
1369,Romania,2008,22
1370,Romania,2010,0
1371,Romania,2012,16
1372,Romania,2014,0
1373,Romania,2016,16
1374,Russia,1994,36
1375,Russia,1996,115
1376,Russia,1998,58
1377,Russia,2000,187
1378,Russia,2002,38
1379,Russia,2004,189
1380,Russia,2006,41
1381,Russia,2008,142
1382,Russia,2010,25
1383,Russia,2012,140
1384,Russia,2014,68
1385,Russia,2016,115
1386,Rwanda,1992,0
1387,Rwanda,1996,0
1388,Rwanda,2000,0
1389,Rwanda,2004,0
1390,Rwanda,2008,0
1391,Rwanda,2012,0
1392,Rwanda,2016,0
1412,Samoa,1992,0
1413,Samoa,1996,0
1414,Samoa,2000,0
1415,Samoa,2004,0
1416,Samoa,2008,0
1417,Samoa,2012,0
1418,Samoa,2016,0
1431,Sao Tome and Principe,1996,0
1432,Sao Tome and Principe,2000,0
1433,Sao Tome and Principe,2004,0
1434,Sao Tome and Principe,2008,0
1435,Sao Tome and Principe,2012,0
1436,Sao Tome and Principe,2016,0
1437,Saudi Arabia,1992,0
1438,Saudi Arabia,1996,0
1439,Saudi Arabia,2000,2
1440,Saudi Arabia,2004,0
1441,Saudi Arabia,2008,0
1442,Saudi Arabia,2012,4
1443,Saudi Arabia,2016,0
1444,Senegal,1992,0
1445,Senegal,1994,0
1446,Senegal,1996,0
1447,Senegal,2000,0
1448,Senegal,2004,0
1449,Senegal,2006,0
1450,Senegal,2008,0
1451,Senegal,2010,0
1452,Senegal,2012,0
1453,Senegal,2016,0
1454,Serbia,2008,15
1455,Serbia,2010,0
1456,Serbia,2012,16
1457,Serbia,2014,0
1458,Serbia,2016,54
1465,Seychelles,1992,0
1466,Seychelles,1996,0
1467,Seychelles,2000,0
1468,Seychelles,2004,0
1469,Seychelles,2008,0
1470,Seychelles,2012,0
1471,Seychelles,2016,0
1472,Sierra Leone,1992,0
1473,Sierra Leone,1996,0
1474,Sierra Leone,2000,0
1475,Sierra Leone,2004,0
1476,Sierra Leone,2008,0
1477,Sierra Leone,2012,0
1478,Sierra Leone,2016,0
1479,Singapore,1992,0
1480,Singapore,1996,0
1481,Singapore,2000,0
1482,Singapore,2004,0
1483,Singapore,2008,3
1484,Singapore,2012,4
1485,Singapore,2016,1
1486,Slovakia,1994,0
1487,Slovakia,1996,3
1488,Slovakia,1998,0
1489,Slovakia,2000,6
1490,Slovakia,2002,0
1491,Slovakia,2004,10
1492,Slovakia,2006,1
1493,Slovakia,2008,10
1494,Slovakia,2010,3
1495,Slovakia,2012,5
1496,Slovakia,2014,1
1497,Slovakia,2016,8
1498,Slovenia,1992,6
1499,Slovenia,1994,4
1500,Slovenia,1996,2
1501,Slovenia,1998,0
1502,Slovenia,2000,3
1503,Slovenia,2002,4
1504,Slovenia,2004,5
1505,Slovenia,2006,0
1506,Slovenia,2008,5
1507,Slovenia,2010,3
1508,Slovenia,2012,5
1509,Slovenia,2014,8
1510,Slovenia,2016,4
1511,Solomon Islands,1992,0
1512,Solomon Islands,1996,0
1513,Solomon Islands,2000,0
1514,Solomon Islands,2004,0
1515,Solomon Islands,2008,0
1516,Solomon Islands,2012,0
1517,Solomon Islands,2016,0
1524,South Africa,1992,3
1525,South Africa,1994,0
1526,South Africa,1996,5
1527,South Africa,1998,0
1528,South Africa,2000,5
1529,South Africa,2002,0
1530,South Africa,2004,10
1531,South Africa,2006,0
1532,South Africa,2008,1
1533,South Africa,2010,0
1534,South Africa,2012,9
1535,South Africa,2016,23
1536,South Korea,1992,56
1537,South Korea,1994,9
1538,South Korea,1996,66
1539,South Korea,1998,12
1540,South Korea,2000,73
1541,South Korea,2002,7
1542,South Korea,2004,52
1543,South Korea,2006,19
1544,South Korea,2008,78
1545,South Korea,2010,18
1546,South Korea,2012,61
1547,South Korea,2014,14
1548,South Korea,2016,26
1549,South Sudan,2016,0
1550,Spain,1992,70
1551,Spain,1994,0
1552,Spain,1996,66
1553,Spain,1998,0
1554,Spain,2000,42
1555,Spain,2002,0
1556,Spain,2004,30
1557,Spain,2006,0
1558,Spain,2008,70
1559,Spain,2010,0
1560,Spain,2012,63
1561,Spain,2014,0
1562,Spain,2016,45
1563,Sri Lanka,1992,0
1564,Sri Lanka,1996,0
1565,Sri Lanka,2000,1
1566,Sri Lanka,2004,0
1567,Sri Lanka,2008,0
1568,Sri Lanka,2012,0
1569,Sri Lanka,2016,0
1570,Sudan,1992,0
1571,Sudan,1996,0
1572,Sudan,2000,0
1573,Sudan,2004,0
1574,Sudan,2008,1
1575,Sudan,2012,0
1576,Sudan,2016,0
1577,Suriname,1992,1
1578,Suriname,1996,0
1579,Suriname,2000,0
1580,Suriname,2004,0
1581,Suriname,2008,0
1582,Suriname,2012,0
1583,Suriname,2016,0
1591,Sweden,1992,42
1592,Sweden,1994,24
1593,Sweden,1996,31
1594,Sweden,1998,7
1595,Sweden,2000,32
1596,Sweden,2002,26
1597,Sweden,2004,12
1598,Sweden,2006,64
1599,Sweden,2008,7
1600,Sweden,2010,18
1601,Sweden,2012,22
1602,Sweden,2014,51
1603,Sweden,2016,28
1604,Switzerland,1992,8
1605,Switzerland,1994,16
1606,Switzerland,1996,11
1607,Switzerland,1998,14
1608,Switzerland,2000,14
1609,Switzerland,2002,24
1610,Switzerland,2004,7
1611,Switzerland,2006,21
1612,Switzerland,2008,11
1613,Switzerland,2010,12
1614,Switzerland,2012,4
1615,Switzerland,2014,30
1616,Switzerland,2016,11
1637,Tajikistan,1996,0
1638,Tajikistan,2000,0
1639,Tajikistan,2002,0
1640,Tajikistan,2004,0
1641,Tajikistan,2006,0
1642,Tajikistan,2008,2
1643,Tajikistan,2010,0
1644,Tajikistan,2012,1
1645,Tajikistan,2014,0
1646,Tajikistan,2016,1
1647,Tanzania,1992,0
1648,Tanzania,1996,0
1649,Tanzania,2000,0
1650,Tanzania,2004,0
1651,Tanzania,2008,0
1652,Tanzania,2012,0
1653,Tanzania,2016,0
1654,Thailand,1992,1
1655,Thailand,1996,2
1656,Thailand,2000,3
1657,Thailand,2002,0
1658,Thailand,2004,8
1659,Thailand,2006,0
1660,Thailand,2008,4
1661,Thailand,2012,3
1662,Thailand,2014,0
1663,Thailand,2016,6
1664,Timor Leste,2004,0
1665,Timor Leste,2008,0
1666,Timor Leste,2012,0
1667,Timor Leste,2014,0
1668,Timor Leste,2016,0
1669,Togo,1992,0
1670,Togo,1996,0
1671,Togo,2000,0
1672,Togo,2004,0
1673,Togo,2008,1
1674,Togo,2012,0
1675,Togo,2014,0
1676,Togo,2016,0
1677,Tonga,1992,0
1678,Tonga,1996,1
1679,Tonga,2000,0
1680,Tonga,2004,0
1681,Tonga,2008,0
1682,Tonga,2012,0
1683,Tonga,2014,0
1684,Tonga,2016,0
1685,Trinidad and Tobago,1992,0
1686,Trinidad and Tobago,1994,0
1687,Trinidad and Tobago,1996,2
1688,Trinidad and Tobago,1998,0
1689,Trinidad and Tobago,2000,2
1690,Trinidad and Tobago,2002,0
1691,Trinidad and Tobago,2004,1
1692,Trinidad and Tobago,2008,6
1693,Trinidad and Tobago,2012,10
1694,Trinidad and Tobago,2016,1
1695,Tunisia,1992,0
1696,Tunisia,1996,1
1697,Tunisia,2000,0
1698,Tunisia,2004,0
1699,Tunisia,2008,1
1700,Tunisia,2012,3
1701,Tunisia,2016,3
1702,Turkey,1992,6
1703,Turkey,1994,0
1704,Turkey,1996,6
1705,Turkey,1998,0
1706,Turkey,2000,5
1707,Turkey,2002,0
1708,Turkey,2004,11
1709,Turkey,2006,0
1710,Turkey,2008,7
1711,Turkey,2010,0
1712,Turkey,2012,5
1713,Turkey,2014,0
1714,Turkey,2016,8
1715,Turkmenistan,1996,0
1716,Turkmenistan,2000,0
1717,Turkmenistan,2004,0
1718,Turkmenistan,2008,0
1719,Turkmenistan,2012,0
1720,Turkmenistan,2016,0
1724,Uganda,1992,0
1725,Uganda,1996,1
1726,Uganda,2000,0
1727,Uganda,2004,0
1728,Uganda,2008,0
1729,Uganda,2012,1
1730,Uganda,2016,0
1731,Ukraine,1994,2
1732,Ukraine,1996,34
1733,Ukraine,1998,1
1734,Ukraine,2000,35
1735,Ukraine,2002,0
1736,Ukraine,2004,47
1737,Ukraine,2006,3
1738,Ukraine,2008,31
1739,Ukraine,2010,0
1740,Ukraine,2012,26
1741,Ukraine,2014,5
1742,Ukraine,2016,15
1743,United Arab Emirates,1992,0
1744,United Arab Emirates,1996,0
1745,United Arab Emirates,2000,0
1746,United Arab Emirates,2004,1
1747,United Arab Emirates,2008,0
1748,United Arab Emirates,2012,0
1749,United Arab Emirates,2016,1
1750,United States,1992,238
1751,United States,1994,19
1752,United States,1996,259
1753,United States,1998,34
1754,United States,2000,242
1755,United States,2002,84
1756,United States,2004,263
1757,United States,2006,52
1758,United States,2008,317
1759,United States,2010,97
1760,United States,2012,248
1761,United States,2014,64
1762,United States,2016,264
1774,Uruguay,1992,0
1775,Uruguay,1996,0
1776,Uruguay,1998,0
1777,Uruguay,2000,1
1778,Uruguay,2004,0
1779,Uruguay,2008,0
1780,Uruguay,2012,0
1781,Uruguay,2016,0
1782,Uzbekistan,1994,1
1783,Uzbekistan,1996,2
1784,Uzbekistan,1998,0
1785,Uzbekistan,2000,4
1786,Uzbekistan,2002,0
1787,Uzbekistan,2004,5
1788,Uzbekistan,2006,0
1789,Uzbekistan,2008,6
1790,Uzbekistan,2010,0
1791,Uzbekistan,2012,3
1792,Uzbekistan,2014,0
1793,Uzbekistan,2016,13
1794,Vanuatu,1992,0
1795,Vanuatu,1996,0
1796,Vanuatu,2000,0
1797,Vanuatu,2004,0
1798,Vanuatu,2008,0
1799,Vanuatu,2012,0
1800,Vanuatu,2016,0
1801,Venezuela,1992,0
1802,Venezuela,1996,0
1803,Venezuela,1998,0
1804,Venezuela,2000,0
1805,Venezuela,2002,0
1806,Venezuela,2004,2
1807,Venezuela,2006,0
1808,Venezuela,2008,1
1809,Venezuela,2012,1
1810,Venezuela,2014,0
1811,Venezuela,2016,3
1812,Vietnam,1992,0
1813,Vietnam,1996,0
1814,Vietnam,2000,1
1815,Vietnam,2004,0
1816,Vietnam,2008,1
1817,Vietnam,2012,0
1818,Vietnam,2016,2
1819,Yemen,1992,0
1820,Yemen,1996,0
1821,Yemen,2000,0
1822,Yemen,2004,0
1823,Yemen,2008,0
1824,Yemen,2012,0
1825,Yemen,2016,0
1826,Zambia,1992,0
1827,Zambia,1996,1
1828,Zambia,2000,0
1829,Zambia,2004,0
1830,Zambia,2008,0
1831,Zambia,2012,0
1832,Zambia,2016,0
1833,Zimbabwe,1992,0
1834,Zimbabwe,1996,0
1835,Zimbabwe,2000,0
1836,Zimbabwe,2004,3
1837,Zimbabwe,2008,4
1838,Zimbabwe,2012,0
1839,Zimbabwe,2014,0
1840,Zimbabwe,2016,0
